<keymap version="1" name="Windows copy" parent="$default">
  <action id="CloseContent">
    <keyboard-shortcut first-keystroke="ctrl f4" />
    <keyboard-shortcut first-keystroke="ctrl w" />
  </action>
  <action id="EditorSelectWord" />
  <action id="Generate">
    <keyboard-shortcut first-keystroke="alt insert" />
    <keyboard-shortcut first-keystroke="alt i" />
  </action>
  <action id="NewClass">
    <keyboard-shortcut first-keystroke="alt i" />
  </action>
  <action id="ShowErrorDescription">
    <keyboard-shortcut first-keystroke="ctrl f1" />
    <keyboard-shortcut first-keystroke="alt e" />
  </action>
  <action id="SmartSelect" />
  <action id="Terminal.DeletePreviousWord" />
  <action id="UsageFiltering.WriteAccess" />
</keymap>